{
  "original_model": "/mnt/e/git projects/Comfyui-SecNodes/.sec/model_files",
  "precision": "fp32",
  "original_size_mb": 14479.549263000488,
  "converted_size_mb": 14461.787204742432,
  "compression_ratio": 1.0012282063071867,
  "total_tensors": 1794,
  "total_parameters": 3947733106
}